
--checked
INSERT INTO ADDRESS (ID,CHRISTIANNAME,NAME,STREET,ZIPCODE,CITY,PHONE) 
      VALUES(1,'Peter','Dillinger','Hollertszug 4','85454','Albital','07866673'),
            (2,'Hildegard','Walburger','Am Kassau 33','24445','Nachigental','054544');
--checked
INSERT INTO ROOMS (ID,CATEGORY,CODE,NAME)
       VALUES(1,'Single','101','Garden Room'),
             (2,'Double','102','Victorian Room');
--checked
INSERT INTO RES (ID,ARRIVALDATE,DEPARTUREDATE,RESNO,ADDRESSID)
        VALUES(1,'10.07.2013','11.07.2013','1',1),
              (2,'01.12.2013','02.12.2013','2',2);

-- checked
INSERT INTO VATTYPE(ID,NAME,DATEVAT,PERCENTAGE)
        VALUES(1,'No VAT','2013-12-15',0),
              (2,'Full','2013-12-15',19),
              (3,'Half','2013-12-15',7);
--checked
INSERT INTO REVACCOUNTS (ID,REVACCOUNTNUMBER, NAME)
     VALUES(1,200000,'Logis'),(2,300000,'Food and Beverage');

--checked
INSERT INTO RATES (ID,NAME,PRICE,CODE,OVERNIGHT,REVACCOUNT,NET,VATTYPE)
         VALUES(1,'Logis Single Room',50,'LSR',TRUE,1,FALSE,2),
               (2,'Breakfast',12.80,'BKF',FALSE,2,FALSE,2);

--checked
INSERT INTO ACCOUNTS (ID, BALANCE, CHECKOUT, CHECKINDATE, CHECKOUTDATE,CSCSERVICE,ADDRESS,RESERVATION) 
     VALUES (1, NULL, NULL, '11.07.2013', NULL,1,1,1),
            (2, NULL, NULL, '05.07.2013', NULL,1,2,2);
--checked

INSERT INTO VAT(ID,AMOUNT,DEBIT,DATE,VATTYPE,ACCOUNTPOSITION)
        VALUES(1,7.10,FALSE,'2013-08-05',2,2),
              (2,7.10,FALSE,'2013-08-05',2,2),
              (3,11.56,FALSE,'2013-08-05',2,1),
              (4,3.72,FALSE,'2013-08-05',2,1);


--checked
INSERT INTO PAYMENTTYPES(ID,NAME,RECEIVABLE)
        VALUES(1,'CASH',FALSE),
              (2,'CREDITCARD',TRUE);
              

--checked
INSERT INTO PAYED(ID,DEBIT,PAYMENTTYPE,TOTAL,OPENPOS)
       VALUES(1,FALSE,1,88.88,FALSE);

--checked
INSERT INTO ACCOUNT_POSITION (ID, BILLED, AMOUNT,PRICE, DEBIT, RATE, RATEDATE, ACCOUNT, POSITIONNAME,CANCELED, CANCELEDPOSITION,BILL,VAT,PAYMENT) 
      VALUES (1, TRUE,1, 44.44, FALSE, 1, '2013-08-05', 1, 'xTEXT2',TRUE,1,1,1,1),
             (2, TRUE,1, 44.44, TRUE, 1, '2013-08-05', 1, 'xTEXT2',FALSE,1,1,2,1),
             (3, FALSE,1, 72.44, FALSE, 1, '2013-08-05', 1, 'xTEXT4',FALSE,0,NULL,3,NULL),  
             (4, FALSE,1, 23.33, FALSE, 1, '2013-08-05', 2, 'xTEXT6',FALSE,0,NULL,4,NULL);
--checked
INSERT INTO BILL(ID,BILLNO,ADDRESS,BILLDATE,BILLNAME,CANCELED,CANCELEDBILL,TOTAL)
       VALUES (1,1,1,'2013-08-05','Testbill',FALSE,0,88.88);


--checked
INSERT INTO REVENUE (ID, DEBIT, ACCOUNTPOSITION, REVACCOUNT, AMOUNT,REVDATE) 
       VALUES (1, FALSE, 1, 1, 37.34,'2013-08-05'),
              (2, TRUE, 2, 1, 37.34,'2013-08-05'),
              (3, FALSE, 3, 1, 60.88,'2013-08-05'),   
              (4, FALSE, 4, 1, 19.62,'2013-08-05');
--checked
INSERT INTO OCC (ID, ARRIVALDATE,DEPARTUREDATE,GUEST, ROOM,RES, ACCOUNT)
       VALUES (1,'2013-12-01','2013-12-05',1,1,1,1),
              (2,'2013-12-05','2013-12-10',2,2,2,2);
--checked
INSERT INTO CSC (ID, RATE, FROMDATE, TODATE, ACCOUNT,AMOUNT,PRICE,SERVICE)
	VALUES(1,1,'2013-12-01','2013-12-05',1,4,45.56,1),
	      (2,1,'2013-12-05','2013-12-10',2,3,70.89,1);
